Source File,alm_component,reg_component,dsp_component,ram_component,mlab_component,alm_system,reg_system,dsp_system,ram_system,mlab_system,clock,clock1x,Total On-Chip Power Dissipation (mW),Core Dynamic On-Chip Power Dissipation (mW),Device Static On-Chip Power Dissipation (mW)
k3mm_1,8902.5,22877,3,87,149,8902.5,22877,3,87,149,623.05,623.05,4467.22,1530.85,2907.49
k3mm_2,10770.3,26577,4,89,197,10770.3,26577,4,89,197,569.48,569.48,4679.08,1742.02,2908.18
k3mm_3,13963.6,33894,6,113,269,13963.6,33894,6,113,269,492.37,492.37,5224.78,2286.24,2909.66
k3mm_4,20517.5,48493,10,161,413,20517.5,48493,10,161,413,439.17,439.17,6283.59,3341.84,2912.86
k3mm_5,8902.5,22877,3,87,149,8902.5,22877,3,87,149,623.05,623.05,4467.22,1530.85,2907.49
k3mm_6,10807.4,27004,4,90,199,10807.4,27004,4,90,199,562.11,562.11,4774.83,1837.72,2908.24
k3mm_7,14057.8,34287,6,114,273,14057.8,34287,6,114,273,500.0,500.0,5245.13,2306.54,2909.71
k3mm_8,20726.7,48995,10,162,421,20726.7,48995,10,162,421,418.41,418.41,6340.91,3399.05,2912.98
k3mm_9,6048.7,15232,3,59,105,6048.7,15232,3,59,105,566.89,566.89,4024.16,1088.71,2906.57
k3mm_10,7526.2,18319,4,59,133,7526.2,18319,4,59,133,520.29,520.29,4241.08,1304.95,2907.25
k3mm_11,10100.4,23703,6,75,179,10100.4,23703,6,75,179,471.7,471.7,4608.52,1671.04,2908.6
k3mm_12,15330.1,34603,10,107,271,15330.1,34603,10,107,271,378.5,378.5,5384.13,2444.07,2911.18
k3mm_13,10885.3,27329,4,90,201,10885.3,27329,4,90,201,599.88,599.88,4752.98,1815.85,2908.25
k3mm_14,12701.6,31520,5,92,249,12701.6,31520,5,92,249,515.46,515.46,5044.28,2106.4,2909.0
k3mm_15,18402.1,45190,7,120,365,18402.1,45190,7,120,365,499.75,499.75,5775.66,2835.65,2911.13
k3mm_16,27271.4,65066,11,164,553,27271.4,65066,11,164,553,417.71,417.71,7052.95,4109.1,2914.97
k3mm_17,10885.3,27329,4,90,201,10885.3,27329,4,90,201,599.88,599.88,4752.98,1815.85,2908.25
k3mm_18,12747.2,31353,5,93,251,12747.2,31353,5,93,251,547.35,547.35,4994.74,2056.89,2908.97
k3mm_19,18484.7,44861,7,121,369,18484.7,44861,7,121,369,495.29,495.29,5826.74,2886.69,2911.17
k3mm_20,27438.9,65948,11,165,561,27438.9,65948,11,165,561,429.18,429.18,7131.73,4187.73,2915.12
k3mm_21,7440.3,18834,4,59,130,7440.3,18834,4,59,130,591.37,591.37,4282.05,1345.98,2907.19
k3mm_22,8847.6,21898,5,59,158,8847.6,21898,5,59,158,566.25,566.25,4490.02,1553.28,2907.86
k3mm_23,13065.1,31055,7,67,264,13065.1,31055,7,67,264,486.38,486.38,4974.05,2035.49,2909.68
k3mm_24,19928.7,45749,11,83,416,19928.7,45749,11,83,416,398.88,398.88,5884.25,2942.62,2912.75
k3mm_25,14162.4,34130,6,114,275,14162.4,34130,6,114,275,490.44,490.44,5253.42,2314.8,2909.74
k3mm_26,16097.5,38930,7,116,323,16097.5,38930,7,116,323,494.07,494.07,5585.74,2646.3,2910.56
k3mm_27,21679.3,52668,9,144,439,21679.3,52668,9,144,439,488.28,488.28,6356.39,3414.67,2912.85
k3mm_28,30675.0,73253,13,188,627,30675.0,73253,13,188,627,405.35,405.35,7631.7,4686.22,2916.6
k3mm_29,14162.4,34130,6,114,275,14162.4,34130,6,114,275,490.44,490.44,5253.42,2314.8,2909.74
k3mm_30,16142.9,39289,7,117,325,16142.9,39289,7,117,325,501.0,501.0,5594.2,2654.73,2910.6
k3mm_31,21770.0,52601,9,145,443,21770.0,52601,9,145,443,485.91,485.91,6395.78,3454.05,2912.85
k3mm_32,30818.7,73960,13,189,635,30818.7,73960,13,189,635,409.33,409.33,7710.2,4764.59,2916.73
k3mm_33,9734.9,23403,6,75,170,9734.9,23403,6,75,170,498.75,498.75,4616.69,1679.35,2908.47
k3mm_34,11186.1,26294,7,75,198,11186.1,26294,7,75,198,480.77,480.77,4809.91,1872.02,2909.01
k3mm_35,15383.2,35609,9,83,304,15383.2,35609,9,83,304,447.03,447.03,5321.15,2381.42,2910.85
k3mm_36,22254.5,51934,13,99,456,22254.5,51934,13,99,456,412.88,412.88,6291.38,3348.22,2914.28
k3mm_37,20759.6,49172,10,162,423,20759.6,49172,10,162,423,429.92,429.92,6322.47,3380.64,2912.94
k3mm_38,22665.6,53742,11,164,471,22665.6,53742,11,164,471,435.16,435.16,6610.43,3667.84,2913.71
k3mm_39,28376.2,67262,13,192,587,28376.2,67262,13,192,587,417.71,417.71,7446.06,4501.18,2915.99
k3mm_40,37268.9,89474,17,236,775,37268.9,89474,17,236,775,410.51,410.51,8761.64,5812.78,2919.98
k3mm_41,20759.6,49172,10,162,423,20759.6,49172,10,162,423,429.92,429.92,6322.47,3380.64,2912.94
k3mm_42,22719.8,53748,11,165,473,22719.8,53748,11,165,473,428.27,428.27,6625.3,3682.67,2913.75
k3mm_43,28436.7,67948,13,193,591,28436.7,67948,13,193,591,424.27,424.27,7434.86,4489.92,2916.07
k3mm_44,37469.2,89198,17,237,783,37469.2,89198,17,237,783,407.0,407.0,8803.09,5854.12,2920.1
k3mm_45,14425.7,33428,10,107,250,14425.7,33428,10,107,250,424.09,424.09,5358.04,2418.3,2910.87
k3mm_46,15862.7,35843,11,107,278,15862.7,35843,11,107,278,403.88,403.88,5533.5,2593.13,2911.49
k3mm_47,20039.2,45936,13,115,384,20039.2,45936,13,115,384,405.19,405.19,6113.94,3171.52,2913.54
k3mm_48,26873.0,59935,17,131,536,26873.0,59935,17,131,536,380.52,380.52,6906.4,3960.78,2916.74
k3mm_49,8902.5,22877,3,87,149,8902.5,22877,3,87,149,623.05,623.05,4467.22,1530.85,2907.49
k3mm_50,10770.3,26577,4,89,197,10770.3,26577,4,89,197,569.48,569.48,4679.08,1742.02,2908.18
k3mm_51,13963.6,33894,6,113,269,13963.6,33894,6,113,269,492.37,492.37,5224.78,2286.24,2909.66
k3mm_52,20517.5,48493,10,161,413,20517.5,48493,10,161,413,439.17,439.17,6283.59,3341.84,2912.86
k3mm_53,8902.5,22877,3,87,149,8902.5,22877,3,87,149,623.05,623.05,4467.22,1530.85,2907.49
k3mm_54,10807.4,27004,4,90,199,10807.4,27004,4,90,199,562.11,562.11,4774.83,1837.72,2908.24
k3mm_55,14057.8,34287,6,114,273,14057.8,34287,6,114,273,500.0,500.0,5245.13,2306.54,2909.71
k3mm_56,20726.7,48995,10,162,421,20726.7,48995,10,162,421,418.41,418.41,6340.91,3399.05,2912.98
k3mm_57,6048.7,15232,3,59,105,6048.7,15232,3,59,105,566.89,566.89,4024.16,1088.71,2906.57
k3mm_58,7526.2,18319,4,59,133,7526.2,18319,4,59,133,520.29,520.29,4241.08,1304.95,2907.25
k3mm_59,10100.4,23703,6,75,179,10100.4,23703,6,75,179,471.7,471.7,4608.52,1671.04,2908.6
k3mm_60,15330.1,34603,10,107,271,15330.1,34603,10,107,271,378.5,378.5,5384.13,2444.07,2911.18
k3mm_61,8924.4,22250,4,87,149,8924.4,22250,4,87,149,581.06,581.06,4453.64,1517.17,2907.59
k3mm_62,10825.6,27090,5,89,197,10825.6,27090,5,89,197,578.37,578.37,4777.16,1839.93,2908.35
k3mm_63,14032.3,34464,7,113,269,14032.3,34464,7,113,269,488.04,488.04,5319.19,2380.45,2909.87
k3mm_64,20571.6,48540,11,161,413,20571.6,48540,11,161,413,419.29,419.29,6267.83,3325.95,2913.0
k3mm_65,8924.4,22250,4,87,149,8924.4,22250,4,87,149,581.06,581.06,4453.64,1517.17,2907.59
k3mm_66,10860.2,27381,5,90,199,10860.2,27381,5,90,199,582.41,582.41,4801.49,1864.25,2908.37
k3mm_67,14118.5,34770,7,114,273,14118.5,34770,7,114,273,495.79,495.79,5339.32,2400.54,2909.9
k3mm_68,20790.8,48991,11,162,421,20790.8,48991,11,162,421,412.54,412.54,6328.3,3386.38,2913.04
k3mm_69,6193.7,15280,4,59,111,6193.7,15280,4,59,111,580.05,580.05,4052.94,1117.27,2906.79
k3mm_70,7656.9,18360,5,59,139,7656.9,18360,5,59,139,555.56,555.56,4267.16,1330.89,2907.39
k3mm_71,10232.6,24557,7,75,185,10232.6,24557,7,75,185,471.48,471.48,4719.64,1782.04,2908.72
k3mm_72,15477.3,35673,11,107,277,15477.3,35673,11,107,277,390.63,390.63,5502.2,2561.94,2911.38
k3mm_73,9200.7,23151,6,95,158,9200.7,23151,6,95,158,589.97,589.97,4579.61,1642.76,2907.97
k3mm_74,11123.5,28306,7,97,206,11123.5,28306,7,97,206,599.88,599.88,4923.28,1985.52,2908.89
k3mm_75,14345.9,35064,9,121,278,14345.9,35064,9,121,278,509.42,509.42,5396.9,2457.78,2910.24
k3mm_76,20896.5,48940,13,169,422,20896.5,48940,13,169,422,408.16,408.16,6415.54,3473.23,2913.43
k3mm_77,9200.7,23151,6,95,158,9200.7,23151,6,95,158,589.97,589.97,4579.61,1642.76,2907.97
k3mm_78,11163.2,28221,7,98,208,11163.2,28221,7,98,208,592.77,592.77,4926.57,1988.92,2908.77
k3mm_79,14422.2,35424,9,122,282,14422.2,35424,9,122,282,504.54,504.54,5449.97,2510.73,2910.36
k3mm_80,21105.0,49769,13,170,430,21105.0,49769,13,170,430,416.67,416.67,6452.04,3509.59,2913.58
k3mm_81,6443.6,16193,6,67,122,6443.6,16193,6,67,122,569.15,569.15,4204.63,1268.55,2907.21
k3mm_82,7909.1,19464,7,67,150,7909.1,19464,7,67,150,577.03,577.03,4421.87,1485.16,2907.83
k3mm_83,10491.1,24694,9,83,196,10491.1,24694,9,83,196,472.81,472.81,4799.03,1860.94,2909.21
k3mm_84,15714.9,36188,13,115,288,15714.9,36188,13,115,288,387.6,387.6,5608.32,2667.7,2911.74
k3mm_85,9979.9,25940,10,111,172,9979.9,25940,10,111,172,599.88,599.88,4859.39,1921.58,2908.94
k3mm_86,11824.5,30172,11,113,220,11824.5,30172,11,113,220,578.03,578.03,5209.54,2270.94,2909.72
k3mm_87,15150.2,38045,13,137,292,15150.2,38045,13,137,292,534.76,534.76,5711.51,2771.34,2911.29
k3mm_88,21714.4,51782,17,185,436,21714.4,51782,17,185,436,401.45,401.45,6708.27,3765.02,2914.37
k3mm_89,9979.9,25940,10,111,172,9979.9,25940,10,111,172,599.88,599.88,4859.39,1921.58,2908.94
k3mm_90,11888.7,30662,11,114,222,11888.7,30662,11,114,222,553.71,553.71,5221.86,2283.21,2909.78
k3mm_91,15248.9,37748,13,138,296,15248.9,37748,13,138,296,507.87,507.87,5701.29,2761.15,2911.26
k3mm_92,21915.6,52437,17,186,444,21915.6,52437,17,186,444,412.2,412.2,6769.34,3825.91,2914.55
k3mm_93,7092.6,18521,10,85,131,7092.6,18521,10,85,131,527.43,527.43,4500.15,1563.15,2908.12
k3mm_94,8584.1,21736,11,85,159,8584.1,21736,11,85,159,564.97,564.97,4743.41,1805.76,2908.76
k3mm_95,11140.2,27529,13,101,205,11140.2,27529,13,101,205,494.07,494.07,5134.36,2195.44,2910.04
k3mm_96,16370.9,38419,17,133,297,16370.9,38419,17,133,297,406.83,406.83,5959.22,3017.62,2912.73
k3mm_97,5517.1,13962,3,59,99,5517.1,13962,3,59,99,560.85,560.85,3939.18,1003.87,2906.43
k3mm_98,6767.5,16829,4,59,120,6767.5,16829,4,59,120,545.55,545.55,4157.84,1221.95,2907.01
k3mm_99,8998.1,21546,6,75,156,8998.1,21546,6,75,156,516.8,516.8,4510.1,1572.98,2908.24
k3mm_100,13559.6,31504,10,107,228,13559.6,31504,10,107,228,421.05,421.05,5259.33,2319.91,2910.54
k3mm_101,5517.1,13962,3,59,99,5517.1,13962,3,59,99,560.85,560.85,3939.18,1003.87,2906.43
k3mm_102,6825.8,16746,4,59,124,6825.8,16746,4,59,124,558.66,558.66,4161.03,1225.15,2907.0
k3mm_103,9145.4,21921,6,75,164,9145.4,21921,6,75,164,475.96,475.96,4554.37,1617.29,2908.2
k3mm_104,13897.5,32388,10,107,244,13897.5,32388,10,107,244,398.25,398.25,5343.83,2404.24,2910.71
k3mm_105,5906.8,15075,3,59,106,5906.8,15075,3,59,106,580.72,580.72,4025.56,1090.09,2906.59
k3mm_106,7382.6,18223,4,59,134,7382.6,18223,4,59,134,549.45,549.45,4243.38,1307.24,2907.27
k3mm_107,9953.9,23759,6,75,180,9953.9,23759,6,75,180,473.71,473.71,4620.68,1683.25,2908.55
k3mm_108,15196.9,34873,10,107,272,15196.9,34873,10,107,272,388.5,388.5,5433.93,2493.83,2911.21
k3mm_109,5573.5,14224,4,59,99,5573.5,14224,4,59,99,590.67,590.67,3987.53,1052.06,2906.6
k3mm_110,6858.2,16431,5,59,120,6858.2,16431,5,59,120,530.79,530.79,4169.34,1233.32,2907.14
k3mm_111,9036.4,21572,7,75,156,9036.4,21572,7,75,156,438.21,438.21,4555.27,1618.1,2908.29
k3mm_112,13603.8,31432,11,107,228,13603.8,31432,11,107,228,387.0,387.0,5276.56,2336.97,2910.71
k3mm_113,5573.5,14224,4,59,99,5573.5,14224,4,59,99,590.67,590.67,3987.53,1052.06,2906.6
k3mm_114,6911.8,17278,5,59,124,6911.8,17278,5,59,124,557.1,557.1,4228.54,1292.45,2907.22
k3mm_115,9193.6,22296,7,75,164,9193.6,22296,7,75,164,449.24,449.24,4607.17,1669.93,2908.36
k3mm_116,13939.8,32105,11,107,244,13939.8,32105,11,107,244,412.54,412.54,5334.15,2394.43,2910.84
k3mm_117,5950.4,15306,4,59,106,5950.4,15306,4,59,106,591.02,591.02,4072.68,1137.09,2906.71
k3mm_118,7416.0,19051,5,59,134,7416.0,19051,5,59,134,545.26,545.26,4292.45,1356.19,2907.38
k3mm_119,9984.8,23721,7,75,180,9984.8,23721,7,75,180,461.89,461.89,4647.68,1710.09,2908.72
k3mm_120,15226.7,34908,11,107,272,15226.7,34908,11,107,272,410.34,410.34,5460.07,2519.79,2911.4
k3mm_121,5844.4,15121,6,67,105,5844.4,15121,6,67,105,551.88,551.88,4134.18,1198.31,2907.0
k3mm_122,7083.8,17444,7,67,126,7083.8,17444,7,67,126,485.67,485.67,4315.56,1379.13,2907.55
k3mm_123,9332.8,22652,9,83,162,9332.8,22652,9,83,162,489.96,489.96,4684.52,1746.85,2908.78
k3mm_124,13895.3,32110,13,115,234,13895.3,32110,13,115,234,395.1,395.1,5421.11,2481.03,2911.2
k3mm_125,5844.4,15121,6,67,105,5844.4,15121,6,67,105,551.88,551.88,4134.18,1198.31,2907.0
k3mm_126,7165.5,18255,7,67,130,7165.5,18255,7,67,130,582.07,582.07,4378.74,1442.18,2907.68
k3mm_127,9476.4,22675,9,83,170,9476.4,22675,9,83,170,454.13,454.13,4690.18,1752.48,2908.82
k3mm_128,14208.7,32641,13,115,250,14208.7,32641,13,115,250,402.9,402.9,5454.03,2513.9,2911.25
k3mm_129,6220.8,16068,6,67,112,6220.8,16068,6,67,112,561.17,561.17,4187.63,1251.58,2907.17
k3mm_130,7692.0,19730,7,67,140,7692.0,19730,7,67,140,557.41,557.41,4436.58,1499.86,2907.83
k3mm_131,10264.6,24856,9,83,186,10264.6,24856,9,83,186,491.16,491.16,4827.5,1889.47,2909.14
k3mm_132,15478.9,36435,13,115,278,15478.9,36435,13,115,278,415.11,415.11,5665.26,2724.57,2911.81
k3mm_133,6385.4,17273,10,85,113,6385.4,17273,10,85,113,592.42,592.42,4423.54,1486.74,2907.91
k3mm_134,7632.7,20113,11,85,134,7632.7,20113,11,85,134,555.56,555.56,4627.76,1690.43,2908.45
k3mm_135,9859.0,24012,13,101,170,9859.0,24012,13,101,170,472.14,472.14,4912.52,1973.98,2909.66
k3mm_136,14415.2,34471,17,133,242,14415.2,34471,17,133,242,428.82,428.82,5678.92,2738.0,2912.04
k3mm_137,6385.4,17273,10,85,113,6385.4,17273,10,85,113,592.42,592.42,4423.54,1486.74,2907.91
k3mm_138,7693.2,20058,11,85,138,7693.2,20058,11,85,138,553.4,553.4,4631.21,1693.81,2908.52
k3mm_139,10010.5,24807,13,101,178,10010.5,24807,13,101,178,485.2,485.2,5016.67,2078.07,2909.73
k3mm_140,14743.7,34793,17,133,258,14743.7,34793,17,133,258,404.04,404.04,5721.88,2780.81,2912.19
k3mm_141,6763.8,17791,10,85,120,6763.8,17791,10,85,120,559.6,559.6,4433.89,1496.96,2908.04
k3mm_142,8228.6,21527,11,85,148,8228.6,21527,11,85,148,542.89,542.89,4691.09,1753.47,2908.73
k3mm_143,10808.0,26411,13,101,194,10808.0,26411,13,101,194,502.51,502.51,5046.8,2107.9,2910.02
k3mm_144,16029.5,38273,17,133,286,16029.5,38273,17,133,286,405.52,405.52,5903.56,2962.03,2912.65
k3mm_145,8529.8,19407,3,67,163,8529.8,19407,3,67,163,468.38,468.38,4251.78,1315.26,2907.64
k3mm_146,9876.8,22297,4,67,181,9876.8,22297,4,67,181,438.79,438.79,4466.54,1529.48,2908.18
k3mm_147,12773.3,27783,6,75,225,12773.3,27783,6,75,225,451.47,451.47,4871.55,1933.03,2909.64
k3mm_148,17714.2,37327,10,99,297,17714.2,37327,10,99,297,411.69,411.69,5579.16,2638.16,2912.12
k3mm_149,8529.8,19407,3,67,163,8529.8,19407,3,67,163,468.38,468.38,4251.78,1315.26,2907.64
k3mm_150,9441.0,21384,4,67,177,9441.0,21384,4,67,177,439.75,439.75,4396.68,1459.75,2908.05
k3mm_151,12183.2,27235,6,75,230,12183.2,27235,6,75,230,447.43,447.43,4859.25,1920.99,2909.38
k3mm_152,17050.7,38186,10,99,310,17050.7,38186,10,99,310,457.04,457.04,5715.23,2774.39,2911.96
k3mm_153,8932.6,20056,3,67,171,8932.6,20056,3,67,171,454.75,454.75,4286.39,1349.78,2907.73
k3mm_154,9981.2,22370,4,67,188,9981.2,22370,4,67,188,449.44,449.44,4426.23,1489.11,2908.24
k3mm_155,13027.6,28800,6,75,246,13027.6,28800,6,75,246,434.03,434.03,4947.65,2009.07,2909.71
k3mm_156,18353.4,41479,10,99,338,18353.4,41479,10,99,338,459.35,459.35,5878.27,2936.88,2912.51
k3mm_157,9491.2,21695,4,67,176,9491.2,21695,4,67,176,458.93,458.93,4400.22,1463.27,2908.07
k3mm_158,10783.5,24770,5,67,194,10783.5,24770,5,67,194,448.83,448.83,4626.21,1688.7,2908.63
k3mm_159,15441.3,35117,7,75,290,15441.3,35117,7,75,290,449.24,449.24,5222.42,2282.83,2910.71
k3mm_160,22510.2,49077,11,91,427,22510.2,49077,11,91,427,406.5,406.5,6049.32,3106.33,2914.12
k3mm_161,9491.2,21695,4,67,176,9491.2,21695,4,67,176,458.93,458.93,4400.22,1463.27,2908.07
k3mm_162,10397.7,23844,5,67,190,10397.7,23844,5,67,190,431.41,431.41,4547.45,1610.1,2908.47
k3mm_163,14547.4,32790,7,67,295,14547.4,32790,7,67,295,441.31,441.31,5078.22,2139.12,2910.22
k3mm_164,20935.7,44800,11,75,427,20935.7,44800,11,75,427,411.35,411.35,5723.93,2781.74,2913.31
k3mm_165,9865.3,22170,4,67,184,9865.3,22170,4,67,184,444.84,444.84,4430.5,1493.39,2908.24
k3mm_166,10935.7,24871,5,67,201,10935.7,24871,5,67,201,459.14,459.14,4625.79,1688.19,2908.73
k3mm_167,15386.3,34461,7,67,315,15386.3,34461,7,67,315,433.28,433.28,5139.31,2199.86,2910.57
k3mm_168,22328.2,49783,11,75,463,22328.2,49783,11,75,463,431.59,431.59,6013.75,3070.9,2913.97
k3mm_169,12236.6,27243,6,75,228,12236.6,27243,6,75,228,467.95,467.95,4843.79,1905.49,2909.42
k3mm_170,13617.8,30499,7,75,246,13617.8,30499,7,75,246,465.12,465.12,5037.37,2098.54,2909.95
k3mm_171,18031.7,39693,9,83,342,18031.7,39693,9,83,342,423.37,423.37,5546.61,2605.89,2911.84
k3mm_172,24665.5,53949,13,99,466,24665.5,53949,13,99,466,398.88,398.88,6365.32,3421.27,2915.17
k3mm_173,12236.6,27243,6,75,228,12236.6,27243,6,75,228,467.95,467.95,4843.79,1905.49,2909.42
k3mm_174,13246.8,29166,7,75,242,13246.8,29166,7,75,242,452.08,452.08,4951.03,2012.31,2909.84
k3mm_175,17250.9,38282,9,75,347,17250.9,38282,9,75,347,458.3,458.3,5462.28,2521.95,2911.45
k3mm_176,23481.8,50410,13,83,479,23481.8,50410,13,83,479,403.06,403.06,6159.63,3216.13,2914.61
k3mm_177,12597.3,28519,6,75,236,12597.3,28519,6,75,236,472.14,472.14,4914.11,1975.71,2909.53
k3mm_178,13760.4,31023,7,75,253,13760.4,31023,7,75,253,468.16,468.16,5070.36,2131.42,2910.06
k3mm_179,18083.8,39380,9,75,367,18083.8,39380,9,75,367,438.98,438.98,5482.48,2541.76,2911.84
k3mm_180,24949.7,54288,13,83,515,24949.7,54288,13,83,515,402.58,402.58,6357.01,3412.86,2915.27
k3mm_181,17271.4,37887,10,98,308,17271.4,37887,10,98,308,438.4,438.4,5564.98,2624.07,2912.03
k3mm_182,18558.9,39984,11,98,326,18558.9,39984,11,98,326,433.65,433.65,5731.27,2789.77,2912.62
k3mm_183,23338.4,48694,13,106,422,23338.4,48694,13,106,422,384.32,384.32,6262.95,3319.24,2914.83
k3mm_184,29179.8,63028,17,122,546,29179.8,63028,17,122,546,374.53,374.53,7042.68,4095.85,2917.96
k3mm_185,17271.4,37887,10,98,308,17271.4,37887,10,98,308,438.4,438.4,5564.98,2624.07,2912.03
k3mm_186,18175.3,40124,11,98,322,18175.3,40124,11,98,322,436.11,436.11,5752.53,2811.18,2912.47
k3mm_187,22361.0,47421,13,98,427,22361.0,47421,13,98,427,400.48,400.48,6154.01,3210.83,2914.3
k3mm_188,28442.0,59920,17,106,559,28442.0,59920,17,106,559,373.97,373.97,6818.69,3872.69,2917.12
k3mm_189,17642.2,38232,10,98,316,17642.2,38232,10,98,316,426.08,426.08,5574.03,2633.15,2912.0
k3mm_190,18733.7,40917,11,98,333,18733.7,40917,11,98,333,439.75,439.75,5736.4,2794.83,2912.69
k3mm_191,23198.2,48963,13,98,447,23198.2,48963,13,98,447,391.85,391.85,6213.79,3270.21,2914.69
k3mm_192,29569.1,63392,17,106,595,29569.1,63392,17,106,595,358.04,358.04,6957.74,4011.09,2917.77
k3mm_193,8529.8,19407,3,67,163,8529.8,19407,3,67,163,468.38,468.38,4251.78,1315.26,2907.64
k3mm_194,9876.8,22297,4,67,181,9876.8,22297,4,67,181,438.79,438.79,4466.54,1529.48,2908.18
k3mm_195,12773.3,27783,6,75,225,12773.3,27783,6,75,225,451.47,451.47,4871.55,1933.03,2909.64
k3mm_196,17714.2,37327,10,99,297,17714.2,37327,10,99,297,411.69,411.69,5579.16,2638.16,2912.12
k3mm_197,8529.8,19407,3,67,163,8529.8,19407,3,67,163,468.38,468.38,4251.78,1315.26,2907.64
k3mm_198,9441.0,21384,4,67,177,9441.0,21384,4,67,177,439.75,439.75,4396.68,1459.75,2908.05
k3mm_199,12183.2,27235,6,75,230,12183.2,27235,6,75,230,447.43,447.43,4859.25,1920.99,2909.38
k3mm_200,17050.7,38186,10,99,310,17050.7,38186,10,99,310,457.04,457.04,5715.23,2774.39,2911.96
k3mm_201,8932.6,20056,3,67,171,8932.6,20056,3,67,171,454.75,454.75,4286.39,1349.78,2907.73
k3mm_202,9981.2,22370,4,67,188,9981.2,22370,4,67,188,449.44,449.44,4426.23,1489.11,2908.24
k3mm_203,13027.6,28800,6,75,246,13027.6,28800,6,75,246,434.03,434.03,4947.65,2009.07,2909.71
k3mm_204,18353.4,41479,10,99,338,18353.4,41479,10,99,338,459.35,459.35,5878.27,2936.88,2912.51
k3mm_205,8705.8,19691,4,67,168,8705.8,19691,4,67,168,437.25,437.25,4302.6,1365.96,2907.76
k3mm_206,10074.8,23044,5,67,186,10074.8,23044,5,67,186,474.16,474.16,4512.44,1575.26,2908.3
k3mm_207,12897.6,28640,7,75,230,12897.6,28640,7,75,230,439.17,439.17,4964.15,2025.52,2909.75
k3mm_208,17836.8,38528,11,99,302,17836.8,38528,11,99,302,426.62,426.62,5660.74,2719.61,2912.26
k3mm_209,8705.8,19691,4,67,168,8705.8,19691,4,67,168,437.25,437.25,4302.6,1365.96,2907.76
k3mm_210,9621.2,21407,5,67,182,9621.2,21407,5,67,182,443.07,443.07,4398.19,1461.07,2908.24
k3mm_211,12362.3,28208,7,75,235,12362.3,28208,7,75,235,466.85,466.85,4960.79,2022.36,2909.55
k3mm_212,17227.1,38863,11,99,315,17227.1,38863,11,99,315,454.34,454.34,5729.26,2788.31,2912.06
k3mm_213,9106.2,20595,4,67,176,9106.2,20595,4,67,176,441.11,441.11,4353.21,1416.4,2907.94
k3mm_214,10156.3,22904,5,67,193,10156.3,22904,5,67,193,445.83,445.83,4485.01,1547.75,2908.38
k3mm_215,13197.0,30505,7,75,251,13197.0,30505,7,75,251,469.48,469.48,5088.89,2150.14,2909.87
k3mm_216,18543.2,41958,11,99,343,18543.2,41958,11,99,343,443.26,443.26,5914.94,2973.37,2912.69
k3mm_217,8968.9,20783,6,67,178,8968.9,20783,6,67,178,461.89,461.89,4456.01,1518.98,2908.15
k3mm_218,10339.9,23794,7,67,196,10339.9,23794,7,67,196,461.47,461.47,4631.03,1693.5,2908.66
k3mm_219,13167.2,29546,9,75,240,13167.2,29546,9,75,240,460.62,460.62,5089.68,2150.71,2910.1
k3mm_220,18094.7,39318,13,99,312,18094.7,39318,13,99,312,435.92,435.92,5765.73,2824.16,2912.69
k3mm_221,8968.9,20783,6,67,178,8968.9,20783,6,67,178,461.89,461.89,4456.01,1518.98,2908.15
k3mm_222,9895.6,22928,7,67,192,9895.6,22928,7,67,192,459.35,459.35,4569.35,1631.88,2908.59
k3mm_223,12641.8,28257,9,75,245,12641.8,28257,9,75,245,446.43,446.43,5027.51,2088.73,2909.9
k3mm_224,17521.7,38990,13,99,325,17521.7,38990,13,99,325,446.23,446.23,5869.01,2927.59,2912.54
k3mm_225,9368.7,21900,6,67,186,9368.7,21900,6,67,186,465.98,465.98,4514.91,1577.78,2908.25
k3mm_226,10425.5,23059,7,67,203,10425.5,23059,7,67,203,401.45,401.45,4574.99,1637.28,2908.83
k3mm_227,13425.7,30337,9,75,261,13425.7,30337,9,75,261,454.96,454.96,5124.99,2185.9,2910.21
k3mm_228,18838.4,41564,13,99,353,18838.4,41564,13,99,353,431.97,431.97,5988.06,3046.13,2913.05
k3mm_229,9610.9,22700,10,76,182,9610.9,22700,10,76,182,461.47,461.47,4638.31,1700.46,2908.97
k3mm_230,10986.7,25503,11,76,200,10986.7,25503,11,76,200,457.88,457.88,4827.32,1888.84,2909.6
k3mm_231,13832.9,30918,13,84,244,13832.9,30918,13,84,244,433.46,433.46,5253.45,2313.64,2910.93
k3mm_232,18732.7,41204,17,108,316,18732.7,41204,17,108,316,427.35,427.35,5971.38,3028.96,2913.54
k3mm_233,9610.9,22700,10,76,182,9610.9,22700,10,76,182,461.47,461.47,4638.31,1700.46,2908.97
k3mm_234,10543.1,24990,11,76,196,10543.1,24990,11,76,196,467.07,467.07,4805.03,1866.63,2909.53
k3mm_235,13288.8,29712,13,84,249,13288.8,29712,13,84,249,442.67,442.67,5176.68,2237.05,2910.75
k3mm_236,18166.1,40772,17,108,329,18166.1,40772,17,108,329,444.64,444.64,5990.1,3047.92,2913.31
k3mm_237,10015.9,23661,10,76,190,10015.9,23661,10,76,190,468.82,468.82,4726.85,1788.77,2909.2
k3mm_238,11086.4,25860,11,76,207,11086.4,25860,11,76,207,454.75,454.75,4820.05,1881.61,2909.56
k3mm_239,14083.5,32040,13,84,265,14083.5,32040,13,84,265,465.98,465.98,5300.55,2360.52,2911.16
k3mm_240,19473.5,43247,17,108,357,19473.5,43247,17,108,357,417.36,417.36,6114.07,3171.23,2913.97
k3mm_241,8366.9,19155,3,67,164,8366.9,19155,3,67,164,457.04,457.04,4273.36,1336.89,2907.59
k3mm_242,9735.5,22383,4,67,182,9735.5,22383,4,67,182,453.93,453.93,4470.53,1533.49,2908.17
k3mm_243,12606.2,27766,6,75,226,12606.2,27766,6,75,226,452.28,452.28,4888.42,1949.97,2909.57
k3mm_244,17560.6,38076,10,99,298,17560.6,38076,10,99,298,438.21,438.21,5647.38,2706.25,2912.25
k3mm_245,8366.9,19155,3,67,164,8366.9,19155,3,67,164,457.04,457.04,4273.36,1336.89,2907.59
k3mm_246,9290.6,21323,4,67,178,9290.6,21323,4,67,178,460.62,460.62,4414.09,1477.19,2908.02
k3mm_247,12034.0,26191,6,75,231,12034.0,26191,6,75,231,419.29,419.29,4810.42,1872.24,2909.3
k3mm_248,16888.6,37402,10,99,311,16888.6,37402,10,99,311,446.23,446.23,5622.3,2681.53,2911.9
k3mm_249,8762.1,19866,3,67,172,8762.1,19866,3,67,172,437.06,437.06,4309.36,1372.74,2907.74
k3mm_250,9812.3,22597,4,67,189,9812.3,22597,4,67,189,471.7,471.7,4478.49,1541.38,2908.23
k3mm_251,12870.5,29142,6,75,247,12870.5,29142,6,75,247,485.67,485.67,4989.64,2051.02,2909.74
k3mm_252,18202.1,40637,10,99,339,18202.1,40637,10,99,339,442.67,442.67,5793.61,2852.26,2912.47
k3mm_253,8438.1,19339,4,67,163,8438.1,19339,4,67,163,457.46,457.46,4272.81,1336.16,2907.77
k3mm_254,9818.9,22137,5,67,181,9818.9,22137,5,67,181,440.72,440.72,4484.06,1546.9,2908.27
k3mm_255,12630.7,28158,7,75,225,12630.7,28158,7,75,225,460.41,460.41,4911.43,1972.86,2909.7
k3mm_256,17566.2,37344,11,99,297,17566.2,37344,11,99,297,409.33,409.33,5600.46,2659.3,2912.28
k3mm_257,8438.1,19339,4,67,163,8438.1,19339,4,67,163,457.46,457.46,4272.81,1336.16,2907.77
k3mm_258,9366.1,20755,5,67,177,9366.1,20755,5,67,177,428.45,428.45,4370.92,1433.87,2908.17
k3mm_259,12113.3,26811,7,75,230,12113.3,26811,7,75,230,442.87,442.87,4872.33,1933.99,2909.46
k3mm_260,16968.3,38393,11,99,310,16968.3,38393,11,99,310,451.47,451.47,5707.9,2767.04,2911.98
k3mm_261,8844.4,20412,4,67,171,8844.4,20412,4,67,171,463.18,463.18,4368.58,1431.81,2907.89
k3mm_262,9881.6,22121,5,67,188,9881.6,22121,5,67,188,439.75,439.75,4447.93,1510.69,2908.36
k3mm_263,12935.0,28968,7,75,246,12935.0,28968,7,75,246,457.04,457.04,4978.34,2039.62,2909.84
k3mm_264,18286.0,41282,11,99,338,18286.0,41282,11,99,338,435.54,435.54,5885.58,2944.15,2912.55
k3mm_265,8780.3,20330,6,67,167,8780.3,20330,6,67,167,449.24,449.24,4388.98,1451.95,2908.15
k3mm_266,10147.3,23748,7,67,185,10147.3,23748,7,67,185,452.49,452.49,4609.62,1672.03,2908.71
k3mm_267,12962.3,28390,9,75,229,12962.3,28390,9,75,229,422.65,422.65,4982.98,2043.96,2910.14
k3mm_268,17898.6,38843,13,99,301,17898.6,38843,13,99,301,421.76,421.76,5729.52,2788.04,2912.6
k3mm_269,8780.3,20330,6,67,167,8780.3,20330,6,67,167,449.24,449.24,4388.98,1451.95,2908.15
k3mm_270,9683.5,22517,7,67,181,9683.5,22517,7,67,181,447.03,447.03,4538.38,1600.93,2908.57
k3mm_271,12431.4,28072,9,75,234,12431.4,28072,9,75,234,453.72,453.72,4983.4,2044.65,2909.87
k3mm_272,17305.2,39192,13,99,314,17305.2,39192,13,99,314,416.49,416.49,5815.87,2874.55,2912.43
k3mm_273,9166.0,21580,6,67,175,9166.0,21580,6,67,175,473.48,473.48,4450.56,1513.46,2908.22
k3mm_274,10209.8,23544,7,67,192,10209.8,23544,7,67,192,453.51,453.51,4593.46,1655.91,2908.67
k3mm_275,13280.3,30290,9,75,250,13280.3,30290,9,75,250,468.16,468.16,5104.52,2165.49,2910.16
k3mm_276,18628.8,41987,13,99,342,18628.8,41987,13,99,342,433.46,433.46,5938.83,2997.12,2912.83
k3mm_277,9364.2,22277,10,76,175,9364.2,22277,10,76,175,471.25,471.25,4619.59,1681.72,2908.99
k3mm_278,10698.8,25111,11,76,193,10698.8,25111,11,76,193,431.22,431.22,4792.76,1854.41,2909.47
k3mm_279,13558.9,30608,13,84,237,13558.9,30608,13,84,237,442.67,442.67,5227.53,2287.82,2910.83
k3mm_280,18461.0,39760,17,108,309,18461.0,39760,17,108,309,407.83,407.83,5892.75,2950.52,2913.35
k3mm_281,9364.2,22277,10,76,175,9364.2,22277,10,76,175,471.25,471.25,4619.59,1681.72,2908.99
k3mm_282,10275.2,24235,11,76,189,10275.2,24235,11,76,189,453.31,453.31,4716.62,1778.38,2909.37
k3mm_283,12993.5,29403,13,84,242,12993.5,29403,13,84,242,437.06,437.06,5147.14,2207.55,2910.71
k3mm_284,17897.1,40269,17,108,322,17897.1,40269,17,108,322,451.26,451.26,5975.37,3033.22,2913.27
k3mm_285,9745.1,23045,10,76,183,9745.1,23045,10,76,183,462.32,462.32,4626.6,1688.63,2909.09
k3mm_286,10789.1,25336,11,76,200,10789.1,25336,11,76,200,473.04,473.04,4747.12,1808.7,2909.54
k3mm_287,13832.0,30909,13,84,258,13832.0,30909,13,84,258,429.37,429.37,5208.15,2268.33,2910.95
k3mm_288,19207.9,42031,17,108,350,19207.9,42031,17,108,350,414.42,414.42,6047.52,3104.80,2913.85
k3mm_289,13684.9,31480,3,68,284,13684.9,31480,3,68,284,423.73,423.73,5047.35,2108.43,2910.04
k3mm_290,14624.2,32678,4,76,300,14624.2,32678,4,76,300,421.59,421.59,5271.93,2332.34,2910.71
k3mm_291,17846.8,39945,6,140,328,17846.8,39945,6,140,328,409.33,409.33,6205.89,3264.06,2912.95
k3mm_292,24839.0,54240,10,204,418,24839.0,54240,10,204,418,415.97,415.97,7587.82,4641.49,2917.45
k3mm_293,13684.9,31480,3,68,284,13684.9,31480,3,68,284,423.73,423.73,5047.35,2108.43,2910.04
k3mm_294,14649.0,33864,4,68,298,14649.0,33864,4,68,298,426.99,426.99,5198.24,2258.76,2910.6
k3mm_295,17511.5,39480,6,124,326,17511.5,39480,6,124,326,401.61,401.61,5995.0,3053.58,2912.54
k3mm_296,23554.3,52467,10,188,430,23554.3,52467,10,188,430,420.7,420.7,7393.31,4448.0,2916.42
k3mm_297,14041.4,31120,3,68,292,14041.4,31120,3,68,292,399.84,399.84,5021.34,2082.35,2910.12
k3mm_298,15157.8,34926,4,68,309,15157.8,34926,4,68,309,420.88,420.88,5293.5,2353.93,2910.7
k3mm_299,18264.5,42151,6,124,343,18264.5,42151,6,124,343,421.41,421.41,6167.82,3226.07,2912.87
k3mm_300,24847.6,56004,10,188,459,24847.6,56004,10,188,459,423.37,423.37,7527.82,4581.93,2917.02
k3mm_301,14695.6,33702,4,68,297,14695.6,33702,4,68,297,414.94,414.94,5175.96,2236.62,2910.46
k3mm_302,15613.1,35233,5,76,313,15613.1,35233,5,76,313,439.17,439.17,5456.08,2515.98,2911.22
k3mm_303,20434.7,46172,7,132,393,20434.7,46172,7,132,393,401.77,401.77,6467.16,3524.01,2914.28
k3mm_304,26082.4,55120,11,204,444,26082.4,55120,11,204,444,390.78,390.78,7658.14,4711.37,2917.89
k3mm_305,14695.6,33702,4,68,297,14695.6,33702,4,68,297,414.94,414.94,5175.96,2236.62,2910.46
k3mm_306,15638.7,35838,5,68,311,15638.7,35838,5,68,311,422.83,422.83,5307.38,2367.48,2911.02
k3mm_307,19276.7,44130,7,68,391,19276.7,44130,7,68,391,417.19,417.19,5732.07,2790.73,2912.46
k3mm_308,26152.0,55410,11,68,548,26152.0,55410,11,68,548,372.44,372.44,6378.79,3434.09,2915.82
k3mm_309,15065.5,33928,4,68,305,15065.5,33928,4,68,305,416.32,416.32,5205.64,2266.15,2910.61
k3mm_310,16153.7,37832,5,68,322,16153.7,37832,5,68,322,439.17,439.17,5475.94,2535.82,2911.24
k3mm_311,20116.8,46503,7,68,412,20116.8,46503,7,68,412,432.34,432.34,5851.69,2910.01,2912.8
k3mm_312,27554.5,60120,11,68,584,27554.5,60120,11,68,584,384.02,384.02,6627.35,3682.08,2916.39
k3mm_313,17468.0,39076,6,115,322,17468.0,39076,6,115,322,405.35,405.35,5877.81,2936.42,2912.51
k3mm_314,18444.6,41495,7,123,338,18444.6,41495,7,123,338,419.64,419.64,6105.89,3163.9,2913.11
k3mm_315,23214.5,52691,9,179,418,23214.5,52691,9,179,418,408.33,408.33,7213.89,4268.98,2916.03
k3mm_316,31933.7,69359,13,243,560,31933.7,69359,13,243,560,380.37,380.37,8525.54,5575.65,2921.01
k3mm_317,17468.0,39076,6,115,322,17468.0,39076,6,115,322,405.35,405.35,5877.81,2936.42,2912.51
k3mm_318,18437.5,42733,7,115,336,18437.5,42733,7,115,336,413.39,413.39,6079.79,3138.01,2912.89
k3mm_319,22084.7,49100,9,115,416,22084.7,49100,9,115,416,399.52,399.52,6372.84,3429.2,2914.76
k3mm_320,29144.3,62766,13,115,573,29144.3,62766,13,115,573,392.16,392.16,7125.64,4179.04,2917.72
k3mm_321,17842.4,41727,6,115,330,17842.4,41727,6,115,330,407.33,407.33,6018.51,3077.13,2912.5
k3mm_322,18973.0,44163,7,115,347,18973.0,44163,7,115,347,431.78,431.78,6212.64,3270.52,2913.24
k3mm_323,22994.8,51791,9,115,437,22994.8,51791,9,115,437,406.34,406.34,6515.65,3571.77,2915.0
k3mm_324,30195.7,66322,13,115,609,30195.7,66322,13,115,609,380.66,380.66,7319.9,4372.62,2918.4
k3mm_325,23735.2,52493,10,171,427,23735.2,52493,10,171,427,404.37,404.37,7142.94,4197.62,2916.44
k3mm_326,24777.6,54985,11,179,443,24777.6,54985,11,179,443,401.93,401.93,7469.16,4523.1,2917.18
k3mm_327,29324.9,63665,13,235,523,29324.9,63665,13,235,523,382.85,382.85,8316.04,5367.24,2919.92
k3mm_328,38284.2,80479,17,299,665,38284.2,80479,17,299,665,345.9,345.9,9706.19,6752.47,2924.84
k3mm_329,23735.2,52493,10,171,427,23735.2,52493,10,171,427,404.37,404.37,7142.94,4197.62,2916.44
k3mm_330,24705.9,57098,11,171,441,24705.9,57098,11,171,441,414.94,414.94,7406.4,4460.67,2916.86
k3mm_331,28475.7,61453,13,171,521,28475.7,61453,13,171,521,379.65,379.65,7570.03,4622.62,2918.53
k3mm_332,35158.1,75134,17,171,678,35158.1,75134,17,171,678,376.36,376.36,8372.11,5421.31,2921.92
k3mm_333,24032.5,53849,10,171,435,24032.5,53849,10,171,435,427.9,427.9,7223.01,4277.65,2916.48
k3mm_334,25243.2,56911,11,171,452,25243.2,56911,11,171,452,375.38,375.38,7444.11,4498.1,2917.13
k3mm_335,29245.1,62817,13,171,542,29245.1,62817,13,171,542,367.24,367.24,7559.55,4611.79,2918.89
k3mm_336,36530.0,77983,17,171,714,36530.0,77983,17,171,714,351.37,351.37,8459.48,5508.44,2922.16
k3mm_337,13684.9,31480,3,68,284,13684.9,31480,3,68,284,423.73,423.73,5047.35,2108.43,2910.04
k3mm_338,14624.2,32678,4,76,300,14624.2,32678,4,76,300,421.59,421.59,5271.93,2332.34,2910.71
k3mm_339,17846.8,39945,6,140,328,17846.8,39945,6,140,328,409.33,409.33,6205.89,3264.06,2912.95
k3mm_340,24839.0,54240,10,204,418,24839.0,54240,10,204,418,415.97,415.97,7587.82,4641.49,2917.45
k3mm_341,13684.9,31480,3,68,284,13684.9,31480,3,68,284,423.73,423.73,5047.35,2108.43,2910.04
k3mm_342,14649.0,33864,4,68,298,14649.0,33864,4,68,298,426.99,426.99,5198.24,2258.76,2910.6
k3mm_343,17511.5,39480,6,124,326,17511.5,39480,6,124,326,401.61,401.61,5995.0,3053.58,2912.54
k3mm_344,23554.3,52467,10,188,430,23554.3,52467,10,188,430,420.7,420.7,7393.31,4448.0,2916.42
k3mm_345,14041.4,31120,3,68,292,14041.4,31120,3,68,292,399.84,399.84,5021.34,2082.35,2910.12
k3mm_346,15157.8,34926,4,68,309,15157.8,34926,4,68,309,420.88,420.88,5293.5,2353.93,2910.7
k3mm_347,18264.5,42151,6,124,343,18264.5,42151,6,124,343,421.41,421.41,6167.82,3226.07,2912.87
k3mm_348,24847.6,56004,10,188,459,24847.6,56004,10,188,459,423.37,423.37,7527.82,4581.93,2917.02
k3mm_349,13888.6,32257,4,68,290,13888.6,32257,4,68,290,411.52,411.52,5113.82,2174.64,2910.3
k3mm_350,14792.0,32974,5,76,306,14792.0,32974,5,76,306,421.94,421.94,5396.27,2456.42,2910.97
k3mm_351,18082.1,40443,7,140,334,18082.1,40443,7,140,334,423.19,423.19,6236.84,3294.75,2913.2
k3mm_352,24993.8,54120,11,204,424,24993.8,54120,11,204,424,400.96,400.96,7624.36,4677.93,2917.55
k3mm_353,13888.6,32257,4,68,290,13888.6,32257,4,68,290,411.52,411.52,5113.82,2174.64,2910.3
k3mm_354,14814.7,34508,5,68,304,14814.7,34508,5,68,304,426.8,426.8,5293.1,2353.51,2910.71
k3mm_355,17729.3,41872,7,124,332,17729.3,41872,7,124,332,427.17,427.17,6188.36,3246.77,2912.71
k3mm_356,23764.5,52432,11,188,436,23764.5,52432,11,188,436,409.33,409.33,7408.53,4462.75,2916.9
k3mm_357,14245.4,33675,4,68,298,14245.4,33675,4,68,298,438.98,438.98,5249.23,2309.95,2910.4
k3mm_358,15378.7,35281,5,68,315,15378.7,35281,5,68,315,413.05,413.05,5338.19,2398.41,2910.9
k3mm_359,18466.0,42322,7,124,349,18466.0,42322,7,124,349,411.35,411.35,6203.67,3261.7,2913.09
k3mm_360,25072.6,56369,11,188,465,25072.6,56369,11,188,465,398.09,398.09,7668.15,4721.87,2917.4
k3mm_361,14220.5,32581,6,75,297,14220.5,32581,6,75,297,414.25,414.25,5219.59,2279.96,2910.75
k3mm_362,15172.7,34118,7,83,313,15172.7,34118,7,83,313,415.28,415.28,5469.18,2529.09,2911.22
k3mm_363,18460.8,42191,9,147,341,18460.8,42191,9,147,341,414.77,414.77,6426.56,3484.03,2913.65
k3mm_364,25285.7,55371,13,211,431,25285.7,55371,13,211,431,410.51,410.51,7749.05,4801.99,2918.17
k3mm_365,14220.5,32581,6,75,297,14220.5,32581,6,75,297,414.25,414.25,5219.59,2279.96,2910.75
k3mm_366,15206.0,35255,7,75,311,15206.0,35255,7,75,311,422.3,422.3,5375.19,2435.02,2911.29
k3mm_367,18054.5,42848,9,131,339,18054.5,42848,9,131,339,420.34,420.34,6303.01,3360.86,2913.27
k3mm_368,24054.8,54284,13,195,443,24054.8,54284,13,195,443,415.8,415.8,7555.16,4608.88,2917.4
k3mm_369,14614.1,34122,6,75,305,14614.1,34122,6,75,305,428.82,428.82,5294.29,2354.59,2910.82
k3mm_370,15738.7,35327,7,75,322,15738.7,35327,7,75,322,402.9,402.9,5344.82,2404.58,2911.36
k3mm_371,18865.6,43902,9,131,356,18865.6,43902,9,131,356,415.11,415.11,6355.48,3413.15,2913.46
k3mm_372,25407.0,59753,13,195,472,25407.0,59753,13,195,472,410.68,410.68,7870.15,4923.59,2917.68
k3mm_373,14645.0,34191,10,77,295,14645.0,34191,10,77,295,421.76,421.76,5314.56,2374.31,2911.38
k3mm_374,15574.7,35745,11,85,311,15574.7,35745,11,85,311,418.59,418.59,5635.29,2694.48,2911.94
k3mm_375,18854.9,43196,13,149,339,18854.9,43196,13,149,339,428.45,428.45,6595.84,3652.38,2914.58
k3mm_376,25719.4,56135,17,213,429,25719.4,56135,17,213,429,394.63,394.63,7839.55,4892.02,2918.66
k3mm_377,14645.0,34191,10,77,295,14645.0,34191,10,77,295,421.76,421.76,5314.56,2374.31,2911.38
k3mm_378,15627.5,36381,11,77,309,15627.5,36381,11,77,309,424.45,424.45,5461.75,2521.01,2911.86
k3mm_379,18492.5,42963,13,133,337,18492.5,42963,13,133,337,409.33,409.33,6359.91,3417.09,2913.94
k3mm_380,24544.8,57686,17,197,441,24544.8,57686,17,197,441,435.92,435.92,7849.62,4902.72,2918.02
k3mm_381,15032.8,34348,10,77,303,15032.8,34348,10,77,303,414.08,414.08,5352.51,2412.11,2911.52
k3mm_382,16157.7,37558,11,77,320,16157.7,37558,11,77,320,405.35,405.35,5554.08,2613.11,2912.08
k3mm_383,19264.0,44936,13,133,354,19264.0,44936,13,133,354,415.45,415.45,6506.84,3563.49,2914.47
k3mm_384,25772.4,59806,17,197,470,25772.4,59806,17,197,470,434.59,434.59,7999.0,5051.65,2918.47
k3mm_385,13527.5,30396,3,68,285,13527.5,30396,3,68,285,408.0,408.0,4976.79,2037.92,2909.99
k3mm_386,14434.6,32007,4,76,301,14434.6,32007,4,76,301,407.17,407.17,5254.6,2315.08,2910.64
k3mm_387,17700.4,40127,6,140,329,17700.4,40127,6,140,329,430.29,430.29,6247.19,3305.33,2912.98
k3mm_388,24680.8,53747,10,204,419,24680.8,53747,10,204,419,407.17,407.17,7564.15,4617.92,2917.35
k3mm_389,13527.5,30396,3,68,285,13527.5,30396,3,68,285,408.0,408.0,4976.79,2037.92,2909.99
k3mm_390,14464.8,32907,4,68,299,14464.8,32907,4,68,299,403.71,403.71,5155.62,2216.3,2910.44
k3mm_391,17395.1,39584,6,124,327,17395.1,39584,6,124,327,425.53,425.53,6028.19,3086.83,2912.49
k3mm_392,23410.6,52957,10,188,431,23410.6,52957,10,188,431,394.94,394.94,7474.39,4529.1,2916.41
k3mm_393,13882.3,31135,3,68,293,13882.3,31135,3,68,293,412.37,412.37,4996.66,2057.63,2910.15
k3mm_394,14978.4,34205,4,68,310,14978.4,34205,4,68,310,400.48,400.48,5246.88,2307.4,2910.6
k3mm_395,18089.2,42915,6,124,344,18089.2,42915,6,124,344,423.73,423.73,6224.39,3282.65,2912.86
k3mm_396,24774.4,55348,10,188,460,24774.4,55348,10,188,460,414.94,414.94,7522.24,4576.32,2917.04
k3mm_397,13634.2,31056,4,68,285,13634.2,31056,4,68,285,418.76,418.76,5007.41,2068.43,2910.1
k3mm_398,14563.3,32081,5,76,301,14563.3,32081,5,76,301,401.28,401.28,5290.84,2351.07,2910.89
k3mm_399,17826.9,40037,7,140,329,17826.9,40037,7,140,329,415.45,415.45,6263.23,3321.13,2913.21
k3mm_400,24730.5,54066,11,204,419,24730.5,54066,11,204,419,412.2,412.2,7658.53,4711.75,2917.9
k3mm_401,13634.2,31056,4,68,285,13634.2,31056,4,68,285,418.76,418.76,5007.41,2068.43,2910.1
k3mm_402,14568.4,33641,5,68,299,14568.4,33641,5,68,299,423.01,423.01,5247.13,2307.51,2910.74
k3mm_403,17480.0,38716,7,124,327,17480.0,38716,7,124,327,399.04,399.04,5983.89,3042.26,2912.75
k3mm_404,23512.5,53257,11,188,431,23512.5,53257,11,188,431,424.09,424.09,7494.36,4548.72,2916.76
k3mm_405,14012.8,31780,4,68,293,14012.8,31780,4,68,293,432.9,432.9,5075.72,2136.5,2910.34
k3mm_406,15098.2,34775,5,68,310,15098.2,34775,5,68,310,426.26,426.26,5280.49,2340.78,2910.83
k3mm_407,18215.1,42544,7,124,344,18215.1,42544,7,124,344,423.73,423.73,6214.32,3272.45,2913.0
k3mm_408,24837.8,55063,11,188,460,24837.8,55063,11,188,460,410.68,410.68,7585.9,4639.7,2917.33
k3mm_409,14038.2,33337,6,75,286,14038.2,33337,6,75,286,416.49,416.49,5180.58,2241.15,2910.55
k3mm_410,14985.2,34062,7,83,302,14985.2,34062,7,83,302,414.25,414.25,5459.33,2519.19,2911.26
k3mm_411,18231.3,42835,9,147,330,18231.3,42835,9,147,330,423.37,423.37,6495.51,3553.06,2913.57
k3mm_412,25059.1,56107,13,211,420,25059.1,56107,13,211,420,406.67,406.67,7776.07,4829.1,2918.09
k3mm_413,14038.2,33337,6,75,286,14038.2,33337,6,75,286,416.49,416.49,5180.58,2241.15,2910.55
k3mm_414,14987.2,35324,7,75,300,14987.2,35324,7,75,300,432.15,432.15,5356.26,2416.31,2911.07
k3mm_415,17858.3,42108,9,131,328,17858.3,42108,9,131,328,411.02,411.02,6220.0,3277.94,2913.18
k3mm_416,23857.5,53129,13,195,432,23857.5,53129,13,195,432,409.33,409.33,7456.42,4510.44,2917.1
k3mm_417,14422.4,33500,6,75,294,14422.4,33500,6,75,294,413.39,413.39,5224.94,2285.16,2910.9
k3mm_418,15531.2,35224,7,75,311,15531.2,35224,7,75,311,396.51,396.51,5332.09,2392.01,2911.2
k3mm_419,18639.5,43329,9,131,345,18639.5,43329,9,131,345,417.19,417.19,6263.99,3321.58,2913.52
k3mm_420,25199.3,56166,13,195,461,25199.3,56166,13,195,461,417.89,417.89,7621.09,4674.52,2917.69
k3mm_421,14409.5,34137,10,77,288,14409.5,34137,10,77,288,416.84,416.84,5370.66,2430.39,2911.4
k3mm_422,15353.4,34994,11,85,304,15353.4,34994,11,85,304,407.83,407.83,5618.92,2678.07,2911.98
k3mm_423,18630.0,42587,13,149,332,18630.0,42587,13,149,332,410.0,410.0,6515.93,3572.7,2914.35
k3mm_424,25416.2,54577,17,213,422,25416.2,54577,17,213,422,383.0,383.0,7727.2,4779.59,2918.73
k3mm_425,14409.5,34137,10,77,288,14409.5,34137,10,77,288,416.84,416.84,5370.66,2430.39,2911.4
k3mm_426,15366.2,34270,11,77,302,15366.2,34270,11,77,302,387.6,387.6,5334.05,2393.45,2911.72
k3mm_427,18307.7,42763,13,133,330,18307.7,42763,13,133,330,401.93,401.93,6307.22,3364.6,2913.74
k3mm_428,24312.0,53154,17,197,434,24312.0,53154,17,197,434,407.5,407.5,7546.33,4599.57,2917.89
k3mm_429,14791.1,34484,10,77,296,14791.1,34484,10,77,296,414.59,414.59,5363.99,2423.65,2911.46
k3mm_430,15879.0,35591,11,77,313,15879.0,35591,11,77,313,393.86,393.86,5405.13,2464.26,2911.99
k3mm_431,19087.9,44521,13,133,347,19087.9,44521,13,133,347,425.35,425.35,6456.82,3513.4,2914.54
k3mm_432,25697.6,57642,17,197,463,25697.6,57642,17,197,463,380.81,380.81,7802.53,4855.3,2918.36
k3mm_433,24279.4,52740,3,74,512,24279.4,52740,3,74,512,359.07,359.07,6377.27,3432.83,2915.56
k3mm_434,25412.9,55466,4,146,535,25412.9,55466,4,146,535,372.58,372.58,7446.53,4500.03,2917.63
k3mm_435,33363.5,75562,6,434,563,33363.5,75562,6,434,563,360.62,360.62,10952.12,7997.33,2925.91
k3mm_436,40675.6,94790,10,690,619,40675.6,94790,10,690,619,369.55,369.55,14232.32,11269.15,2934.29
k3mm_437,24279.4,52740,3,74,512,24279.4,52740,3,74,512,359.07,359.07,6377.27,3432.83,2915.56
k3mm_438,25320.6,55840,4,82,526,25320.6,55840,4,82,526,374.25,374.25,6670.56,3725.27,2916.4
k3mm_439,30305.0,69619,6,322,554,30305.0,69619,6,322,554,379.08,379.08,9672.61,6721.09,2922.64
k3mm_440,37853.7,90529,10,578,608,37853.7,90529,10,578,608,378.07,378.07,13045.85,10086.24,2930.74
k3mm_441,24660.5,56211,3,74,520,24660.5,56211,3,74,520,361.66,361.66,6597.72,3653.22,2915.62
k3mm_442,25811.6,56920,4,82,537,25811.6,56920,4,82,537,364.56,364.56,6681.74,3736.58,2916.28
k3mm_443,31041.4,72693,6,322,571,31041.4,72693,6,322,571,380.95,380.95,9889.77,6938.05,2922.84
k3mm_444,39152.3,91953,10,578,639,39152.3,91953,10,578,639,366.57,366.57,13150.18,10190.48,2930.82
k3mm_445,25365.5,57324,4,82,525,25365.5,57324,4,82,525,381.53,381.53,6767.23,3822.21,2916.14
k3mm_446,26495.8,57682,5,154,548,26495.8,57682,5,154,548,386.25,386.25,7553.37,4606.16,2918.33
k3mm_447,35354.3,78196,7,394,628,35354.3,78196,7,394,628,374.11,374.11,10653.2,7698.27,2926.06
k3mm_448,41468.5,93225,11,698,645,41468.5,93225,11,698,645,366.7,366.7,14274.72,11311.61,2934.23
k3mm_449,25365.5,57324,4,82,525,25365.5,57324,4,82,525,381.53,381.53,6767.23,3822.21,2916.14
k3mm_450,26451.3,58574,5,90,539,26451.3,58574,5,90,539,368.73,368.73,6849.6,3903.93,2916.78
k3mm_451,30244.5,63939,7,90,619,30244.5,63939,7,90,619,340.37,340.37,7220.5,4273.35,2918.27
k3mm_452,35485.2,75999,11,90,727,35485.2,75999,11,90,727,337.04,337.04,7724.74,4774.94,2920.92
k3mm_453,25716.6,55866,4,82,533,25716.6,55866,4,82,533,344.71,344.71,6610.56,3665.44,2916.24
k3mm_454,26904.7,61571,5,90,550,26904.7,61571,5,90,550,379.08,379.08,7002.41,4056.68,2916.85
k3mm_455,30779.1,66242,7,90,640,30779.1,66242,7,90,640,337.04,337.04,7192.02,4244.66,2918.48
k3mm_456,36997.0,79258,11,90,764,36997.0,79258,11,90,764,333.22,333.22,7912.63,4961.9,2921.85
k3mm_457,30325.9,69651,6,272,549,30325.9,69651,6,272,549,365.9,365.9,9041.79,6091.05,2921.85
k3mm_458,32520.4,74993,7,344,572,32520.4,74993,7,344,572,367.92,367.92,10192.06,7239.14,2924.04
k3mm_459,41315.3,94446,9,584,652,41315.3,94446,9,584,652,353.11,353.11,13204.33,10243.1,2932.35
k3mm_460,51737.3,115551,13,840,760,51737.3,115551,13,840,760,337.72,337.72,16323.8,13354.59,2940.33
k3mm_461,30325.9,69651,6,272,549,30325.9,69651,6,272,549,365.9,365.9,9041.79,6091.05,2921.85
k3mm_462,31292.2,71426,7,280,563,31292.2,71426,7,280,563,367.65,367.65,9155.04,6203.94,2922.22
k3mm_463,35221.6,79752,9,280,643,35221.6,79752,9,280,643,353.73,353.73,9641.51,6688.74,2923.89
k3mm_464,40860.9,90786,13,280,751,40860.9,90786,13,280,751,345.07,345.07,10153.04,7197.7,2926.46
k3mm_465,30680.5,70983,6,272,557,30680.5,70983,6,272,557,366.3,366.3,9192.97,6242.1,2921.99
k3mm_466,31812.8,74596,7,280,574,31812.8,74596,7,280,574,371.75,371.75,9449.94,6498.43,2922.63
k3mm_467,35992.1,81348,9,280,664,35992.1,81348,9,280,664,360.88,360.88,9655.63,6702.08,2924.67
k3mm_468,42065.7,93238,13,280,788,42065.7,93238,13,280,788,330.91,330.91,10291.1,7334.86,2927.36
k3mm_469,38759.6,99795,10,479,603,38759.6,99795,10,479,603,369.41,369.41,12586.25,9627.69,2929.68
k3mm_470,40410.8,103638,11,551,626,40410.8,103638,11,551,626,379.94,379.94,13543.84,10582.27,2932.69
k3mm_471,49412.7,115571,13,791,706,49412.7,115571,13,791,706,348.68,348.68,16091.74,13123.55,2939.31
k3mm_472,59871.6,136810,17,1047,814,59871.6,136810,17,1047,814,314.07,314.07,19461.18,16484.02,2948.29
k3mm_473,38759.6,99795,10,479,603,38759.6,99795,10,479,603,369.41,369.41,12586.25,9627.69,2929.68
k3mm_474,39740.1,93460,11,487,617,39740.1,93460,11,487,617,354.48,354.48,12184.88,9224.98,2931.02
k3mm_475,43472.3,103387,13,487,697,43472.3,103387,13,487,697,365.63,365.63,12747.4,9786.68,2931.84
k3mm_476,48935.4,111984,17,487,805,48935.4,111984,17,487,805,337.84,337.84,13046.2,10083.46,2933.87
k3mm_477,39121.3,97892,10,479,611,39121.3,97892,10,479,611,379.36,379.36,12386.48,9428.23,2929.37
k3mm_478,40216.3,96945,11,487,628,40216.3,96945,11,487,628,375.09,375.09,12459.22,9500.18,2930.16
k3mm_479,44399.0,109542,13,487,718,44399.0,109542,13,487,718,366.57,366.57,13239.13,10277.25,2933.0
k3mm_480,50208.4,115467,17,487,842,50208.4,115467,17,487,842,335.23,335.23,13212.28,10248.87,2934.54
k3mm_481,24279.4,52740,3,74,512,24279.4,52740,3,74,512,359.07,359.07,6377.27,3432.83,2915.56
k3mm_482,25412.9,55466,4,146,535,25412.9,55466,4,146,535,372.58,372.58,7446.53,4500.03,2917.63
k3mm_483,33363.5,75562,6,434,563,33363.5,75562,6,434,563,360.62,360.62,10952.12,7997.33,2925.91
k3mm_484,40675.6,94790,10,690,619,40675.6,94790,10,690,619,369.55,369.55,14232.32,11269.15,2934.29
k3mm_485,24279.4,52740,3,74,512,24279.4,52740,3,74,512,359.07,359.07,6377.27,3432.83,2915.56
k3mm_486,25320.6,55840,4,82,526,25320.6,55840,4,82,526,374.25,374.25,6670.56,3725.27,2916.4
k3mm_487,30305.0,69619,6,322,554,30305.0,69619,6,322,554,379.08,379.08,9672.61,6721.09,2922.64
k3mm_488,37853.7,90529,10,578,608,37853.7,90529,10,578,608,378.07,378.07,13045.85,10086.24,2930.74
k3mm_489,24660.5,56211,3,74,520,24660.5,56211,3,74,520,361.66,361.66,6597.72,3653.22,2915.62
k3mm_490,25811.6,56920,4,82,537,25811.6,56920,4,82,537,364.56,364.56,6681.74,3736.58,2916.28
k3mm_491,31041.4,72693,6,322,571,31041.4,72693,6,322,571,380.95,380.95,9889.77,6938.05,2922.84
k3mm_492,39152.3,91953,10,578,639,39152.3,91953,10,578,639,366.57,366.57,13150.18,10190.48,2930.82
k3mm_493,24581.0,54696,4,82,518,24581.0,54696,4,82,518,368.46,368.46,6576.03,3631.17,2915.99
k3mm_494,25741.5,55980,5,154,541,25741.5,55980,5,154,541,382.12,382.12,7444.04,4497.47,2917.69
k3mm_495,33757.4,76241,7,442,569,33757.4,76241,7,442,569,369.69,369.69,11077.2,8121.71,2926.61
k3mm_496,41079.0,95817,11,698,625,41079.0,95817,11,698,625,376.93,376.93,14348.27,11384.14,2935.25
k3mm_497,24581.0,54696,4,82,518,24581.0,54696,4,82,518,368.46,368.46,6576.03,3631.17,2915.99
k3mm_498,25648.0,57429,5,90,532,25648.0,57429,5,90,532,374.53,374.53,6845.38,3899.85,2916.65
k3mm_499,30575.8,71849,7,330,560,30575.8,71849,7,330,560,389.86,389.86,9861.37,6909.43,2923.06
k3mm_500,38143.0,89861,11,586,614,38143.0,89861,11,586,614,356.89,356.89,13136.56,10176.59,2931.08
k3mm_501,24931.4,54393,4,82,526,24931.4,54393,4,82,526,359.45,359.45,6540.94,3596.42,2915.64
k3mm_502,26149.9,56473,5,90,543,26149.9,56473,5,90,543,358.68,358.68,6781.07,3835.36,2916.83
k3mm_503,31352.4,72605,7,330,577,31352.4,72605,7,330,577,391.08,391.08,9878.28,6925.93,2923.47
k3mm_504,39461.2,94254,11,586,645,39461.2,94254,11,586,645,373.41,373.41,13306.74,10346.19,2931.67
k3mm_505,26281.4,60110,6,120,524,26281.4,60110,6,120,524,384.47,384.47,7081.64,4135.32,2917.44
k3mm_506,27247.1,61183,7,192,547,27247.1,61183,7,192,547,388.8,388.8,8059.63,5111.59,2919.16
k3mm_507,35374.9,79965,9,480,575,35374.9,79965,9,480,575,364.3,364.3,11494.66,8538.4,2927.39
k3mm_508,42827.5,101588,13,736,631,42827.5,101588,13,736,631,374.25,374.25,14886.04,11921.42,2935.74
k3mm_509,26281.4,60110,6,120,524,26281.4,60110,6,120,524,384.47,384.47,7081.64,4135.32,2917.44
k3mm_510,27407.6,60983,7,128,538,27407.6,60983,7,128,538,367.24,367.24,7292.07,4345.26,2917.93
k3mm_511,32174.4,75274,9,368,566,32174.4,75274,9,368,566,365.9,365.9,10319.75,7366.72,2924.15
k3mm_512,39505.1,91191,13,624,620,39505.1,91191,13,624,620,354.74,354.74,13391.3,10430.59,2931.83
k3mm_513,26752.6,60752,6,120,532,26752.6,60752,6,120,532,381.24,381.24,7307.06,4360.73,2917.45
k3mm_514,27895.9,61655,7,128,549,27895.9,61655,7,128,549,363.9,363.9,7248.76,4301.8,2918.08
k3mm_515,32904.1,75740,9,368,583,32904.1,75740,9,368,583,375.38,375.38,10286.17,7332.72,2924.57
k3mm_516,40793.5,96539,13,624,651,40793.5,96539,13,624,651,366.84,366.84,13537.58,10576.59,2932.11
k3mm_517,26202.7,56650,10,121,519,26202.7,56650,10,121,519,342.11,342.11,6950.57,4003.73,2917.96
k3mm_518,27278.6,62425,11,193,542,27278.6,62425,11,193,542,406.17,406.17,8054.63,5106.01,2919.74
k3mm_519,35308.1,80547,13,481,570,35308.1,80547,13,481,570,349.53,349.53,11649.66,8692.49,2928.29
k3mm_520,42815.7,100751,17,737,626,42815.7,100751,17,737,626,372.58,372.58,14832.31,11868.06,2935.37
k3mm_521,26202.7,56650,10,121,519,26202.7,56650,10,121,519,342.11,342.11,6950.57,4003.73,2917.96
k3mm_522,27249.9,60903,11,129,533,27249.9,60903,11,129,533,377.64,377.64,7348.11,4400.61,2918.62
k3mm_523,32172.5,76086,13,369,561,32172.5,76086,13,369,561,382.41,382.41,10315.71,7361.95,2924.88
k3mm_524,39567.8,93511,17,625,615,39567.8,93511,17,625,615,361.66,361.66,13402.76,10441.59,2932.3
k3mm_525,26588.3,60423,10,121,527,26588.3,60423,10,121,527,378.21,378.21,7170.4,4223.36,2918.16
k3mm_526,27748.7,60484,11,129,544,27748.7,60484,11,129,544,338.29,338.29,7291.77,4344.34,2918.55
k3mm_527,32917.5,77088,13,369,578,32917.5,77088,13,369,578,388.5,388.5,10372.42,7418.21,2925.33
k3mm_528,40798.1,94100,17,625,646,40798.1,94100,17,625,646,342.7,342.7,13547.36,10585.37,2933.11
k3mm_529,24074.3,51611,3,74,513,24074.3,51611,3,74,513,347.1,347.1,6319.22,3374.86,2915.49
k3mm_530,25257.3,55300,4,146,536,25257.3,55300,4,146,536,378.93,378.93,7360.61,4414.27,2917.46
k3mm_531,33314.4,76558,6,434,564,33314.4,76558,6,434,564,367.92,367.92,11029.99,8075.11,2926.0
k3mm_532,40584.9,97075,10,690,620,40584.9,97075,10,690,620,364.56,364.56,14436.89,11474.89,2933.12
k3mm_533,24074.3,51611,3,74,513,24074.3,51611,3,74,513,347.1,347.1,6319.22,3374.86,2915.49
k3mm_534,25162.6,56941,4,82,527,25162.6,56941,4,82,527,380.95,380.95,6763.45,3818.33,2916.25
k3mm_535,30188.4,68098,6,322,555,30188.4,68098,6,322,555,367.65,367.65,9499.1,6547.67,2922.55
k3mm_536,37714.9,91885,10,578,609,37714.9,91885,10,578,609,377.5,377.5,13142.39,10182.26,2931.26
k3mm_537,24465.9,53753,3,74,521,24465.9,53753,3,74,521,358.29,358.29,6430.63,3486.02,2915.72
k3mm_538,25654.9,55984,4,82,538,25654.9,55984,4,82,538,359.32,359.32,6660.7,3715.51,2916.32
k3mm_539,30925.6,69119,6,322,572,30925.6,69119,6,322,572,365.1,365.1,9563.08,6611.56,2922.63
k3mm_540,38960.2,90204,10,578,640,38960.2,90204,10,578,640,362.58,362.58,13015.51,10054.59,2932.04
k3mm_541,24293.4,54168,4,82,513,24293.4,54168,4,82,513,336.7,336.7,6552.59,3607.79,2915.92
k3mm_542,25472.8,56193,5,154,536,25472.8,56193,5,154,536,391.24,391.24,7474.73,4528.11,2917.74
k3mm_543,33478.5,78217,7,442,564,33478.5,78217,7,442,564,371.75,371.75,11377.87,8422.35,2926.64
k3mm_544,40811.4,97313,11,698,620,40811.4,97313,11,698,620,390.47,390.47,14405.07,11441.81,2934.37
k3mm_545,24293.4,54168,4,82,513,24293.4,54168,4,82,513,336.7,336.7,6552.59,3607.79,2915.92
k3mm_546,25354.4,55293,5,90,527,25354.4,55293,5,90,527,355.87,355.87,6679.56,3734.27,2916.42
k3mm_547,30424.0,68244,7,330,555,30424.0,68244,7,330,555,358.17,358.17,9570.07,6618.3,2922.89
k3mm_548,37935.7,92420,11,586,609,37935.7,92420,11,586,609,366.43,366.43,13230.85,10271.62,2930.35
k3mm_549,24689.5,57091,4,82,521,24689.5,57091,4,82,521,370.1,370.1,6793.81,3848.71,2916.22
k3mm_550,25886.5,58757,5,90,538,25886.5,58757,5,90,538,368.19,368.19,6978.01,4032.21,2916.92
k3mm_551,31124.8,71743,7,330,572,31124.8,71743,7,330,572,345.3,345.3,9886.57,6934.35,2923.34
k3mm_552,39195.3,92091,11,586,640,39195.3,92091,11,586,640,360.23,360.23,13084.87,10124.49,2931.5
k3mm_553,26163.4,58822,6,120,513,26163.4,58822,6,120,513,373.0,373.0,7073.29,4127.18,2917.23
k3mm_554,27087.3,61130,7,192,536,27087.3,61130,7,192,536,396.35,396.35,8001.9,5053.75,2919.27
k3mm_555,35158.0,81707,9,480,564,35158.0,81707,9,480,564,375.23,375.23,11759.89,8802.56,2928.45
k3mm_556,42605.0,102413,13,736,620,42605.0,102413,13,736,620,366.57,366.57,14994.97,12029.93,2936.16
k3mm_557,26163.4,58822,6,120,513,26163.4,58822,6,120,513,373.0,373.0,7073.29,4127.18,2917.23
k3mm_558,27192.9,63023,7,128,527,27192.9,63023,7,128,527,361.14,361.14,7397.29,4450.44,2917.97
k3mm_559,32006.1,74578,9,368,555,32006.1,74578,9,368,555,374.67,374.67,10170.41,7217.48,2924.05
k3mm_560,39389.8,95278,13,624,609,39389.8,95278,13,624,609,385.21,385.21,13474.62,10513.52,2932.21
k3mm_561,26521.6,60508,6,120,521,26521.6,60508,6,120,521,365.63,365.63,7211.81,4265.39,2917.54
k3mm_562,27700.6,61280,7,128,538,27700.6,61280,7,128,538,356.38,356.38,7233.66,4286.73,2918.05
k3mm_563,32754.4,78077,9,368,572,32754.4,78077,9,368,572,368.6,368.6,10441.84,7488.57,2924.39
k3mm_564,40646.8,95378,13,624,640,40646.8,95378,13,624,640,362.58,362.58,13599.18,10637.64,2932.67
k3mm_565,26029.7,60219,10,121,512,26029.7,60219,10,121,512,379.51,379.51,7176.94,4230.24,2917.82
k3mm_566,26998.6,61908,11,193,535,26998.6,61908,11,193,535,382.85,382.85,8095.98,5147.43,2919.67
k3mm_567,35172.1,81349,13,481,563,35172.1,81349,13,481,563,364.7,364.7,11695.93,8738.54,2928.51
k3mm_568,42523.3,101501,17,737,619,42523.3,101501,17,737,619,368.87,368.87,15180.14,12215.31,2935.95
k3mm_569,26029.7,60219,10,121,512,26029.7,60219,10,121,512,379.51,379.51,7176.94,4230.24,2917.82
k3mm_570,27025.8,59600,11,129,526,27025.8,59600,11,129,526,364.43,364.43,7267.4,4320.29,2918.23
k3mm_571,31868.8,75566,13,369,554,31868.8,75566,13,369,554,364.43,364.43,10357.53,7403.84,2924.82
k3mm_572,39290.6,93381,17,625,608,39290.6,93381,17,625,608,366.03,366.03,13503.96,10542.47,2932.61
k3mm_573,26501.6,59823,10,121,520,26501.6,59823,10,121,520,375.8,375.8,7140.26,4193.22,2918.16
k3mm_574,27657.9,63063,11,129,537,27657.9,63063,11,129,537,382.85,382.85,7461.33,4513.56,2918.89
k3mm_575,32714.2,74744,13,369,571,32714.2,74744,13,369,571,358.94,358.94,10197.57,7244.01,2924.69
k3mm_576,40589.8,99153,17,625,639,40589.8,99153,17,625,639,384.62,384.62,13777.19,10813.95,2934.36
